experiment_id,id,n,median_reference_gain,positive_fraction,median_face_mae
matrix24_confidence50_step5,eddie,4,-0.023607999612345533,0.0,0.03618267137065914
matrix24_confidence50_step5,elon,4,-0.008118910089209286,0.5,0.043604886859674355
matrix24_confidence50_step5,jennie,2,0.06379799961346433,1.0,0.03218103181429127
matrix24_confidence50_step5,jensen,2,-0.00707677012077923,0.0,0.039904179733184074
matrix24_confidence50_step5,jisoo,3,-0.0006260275840759277,0.3333333333333333,0.029408579372069588
matrix24_confidence50_step5,keanu,2,0.02513320543528763,1.0,0.038055934217342394
matrix24_confidence50_step5,lex,4,-0.02408992114532027,0.5,0.04131263364857517
matrix24_confidence50_step5,marion,3,-0.01534593473055268,0.3333333333333333,0.06268425566968032
matrix24_dual25_step6,eddie,4,0.004250767197636646,0.5,0.05249800311668468
matrix24_dual25_step6,elon,4,-0.013434083063021574,0.5,0.07892562536247252
matrix24_dual25_step6,jennie,2,0.0916597141245224,1.0,0.06293577670702837
matrix24_dual25_step6,jensen,2,-0.023405271459958132,0.0,0.07141453428543659
matrix24_dual25_step6,jisoo,3,-0.03844571113586426,0.3333333333333333,0.041654153660447064
matrix24_dual25_step6,keanu,2,0.002521305039964561,0.5,0.08307157498877568
matrix24_dual25_step6,lex,4,-0.04024071148790703,0.25,0.06496587101726656
matrix24_dual25_step6,marion,3,-0.0032521486282348633,0.3333333333333333,0.07745266966775213
matrix24_nn7v2_lmkidw3_gate05_ba0,eddie,4,-0.005440438487841832,0.25,0.012770744902586202
matrix24_nn7v2_lmkidw3_gate05_ba0,elon,4,0.004557926520776079,0.75,0.011568937430836571
matrix24_nn7v2_lmkidw3_gate05_ba0,jennie,2,-0.001990288496017456,0.5,0.007861771202773106
matrix24_nn7v2_lmkidw3_gate05_ba0,jensen,2,0.004383789991142695,0.5,0.013856851536909
matrix24_nn7v2_lmkidw3_gate05_ba0,jisoo,3,0.002697386114237421,0.6666666666666666,0.00854290035660241
matrix24_nn7v2_lmkidw3_gate05_ba0,keanu,2,0.011529475823701674,0.5,0.013973596930611464
matrix24_nn7v2_lmkidw3_gate05_ba0,lex,4,0.005885309777511755,0.75,0.008661775309389871
matrix24_nn7v2_lmkidw3_gate05_ba0,marion,3,-0.005092657128125899,0.3333333333333333,0.0073627904863141315
matrix24_nn7v2_lmkidw3_gate065_ba0,eddie,4,-0.0016252689902355871,0.5,0.014039652709724473
matrix24_nn7v2_lmkidw3_gate065_ba0,elon,4,0.003497791599786415,0.5,0.01261984467958939
matrix24_nn7v2_lmkidw3_gate065_ba0,jennie,2,0.007737785577774048,0.5,0.0092128322629919
matrix24_nn7v2_lmkidw3_gate065_ba0,jensen,2,0.0024352275983060556,0.5,0.01602114905936068
matrix24_nn7v2_lmkidw3_gate065_ba0,jisoo,3,0.01566135883331299,1.0,0.009616671014825268
matrix24_nn7v2_lmkidw3_gate065_ba0,keanu,2,0.0032306009904505273,0.5,0.01572620071041321
matrix24_nn7v2_lmkidw3_gate065_ba0,lex,4,0.008184686478345249,0.75,0.009894560883623775
matrix24_nn7v2_lmkidw3_gate065_ba0,marion,3,-0.008482277898924195,0.3333333333333333,0.008317887284229225
matrix96_n3a_fullgrid_up_core_ring_anchor,eddie,12,0.01540525071322918,0.6666666666666666,0.08068136607381694
matrix96_n3a_fullgrid_up_core_ring_anchor,elon,12,-0.1488316902817324,0.0,0.11265456993962067
matrix96_n3a_fullgrid_up_core_ring_anchor,jennie,12,-0.227643257536608,0.0,0.08169234787623354
matrix96_n3a_fullgrid_up_core_ring_anchor,jensen,12,-0.1648131012916565,0.0,0.10114615337215817
matrix96_n3a_fullgrid_up_core_ring_anchor,jisoo,12,-0.147723722332411,0.0,0.07724459270243589
matrix96_n3a_fullgrid_up_core_ring_anchor,keanu,12,-0.14032971858978271,0.0,0.12813991916457362
matrix96_n3a_fullgrid_up_core_ring_anchor,lex,12,-0.1607806753081182,0.08333333333333333,0.08153808103503475
matrix96_n3a_fullgrid_up_core_ring_anchor,marion,12,-0.22428883612155914,0.08333333333333333,0.09392310020840444
n3a_alignrepair_core35_div8,eddie,1,-0.07974043794578307,0.0,0.05669796939187206
n3a_alignrepair_core35_div8,elon,1,-0.18341774841652803,0.0,0.051598804931349336
n3a_alignrepair_core35_div8,jennie,1,-0.06968468427658081,0.0,0.044538729894261525
n3a_alignrepair_core35_div8,jensen,1,-0.10523858162441047,0.0,0.06556483145894788
n3a_alignrepair_core35_div8,jisoo,1,-0.06076255077522119,0.0,0.022386680014040202
n3a_alignrepair_core35_div8,keanu,1,-0.06856104731559753,0.0,0.05363143774657848
n3a_alignrepair_core35_div8,lex,1,-0.006231902506282527,0.0,0.03434683917811583
n3a_alignrepair_core35_div8,marion,1,-0.1373244822025299,0.0,0.02275253761974021
n3a_alignrepair_core50_div8,eddie,1,-0.16132206469774246,0.0,0.06497725938967136
n3a_alignrepair_core50_div8,elon,1,-0.18340397974276423,0.0,0.049504836095880175
n3a_alignrepair_core50_div8,jennie,1,-0.1357429027557373,0.0,0.057083935210738124
n3a_alignrepair_core50_div8,jensen,1,-0.18275219202041626,0.0,0.08300927206243855
n3a_alignrepair_core50_div8,jisoo,1,-0.2000405192375183,0.0,0.04669474758202635
n3a_alignrepair_core50_div8,keanu,1,-0.11520430445671082,0.0,0.09510213896049727
n3a_alignrepair_core50_div8,lex,1,-0.07095452990763446,0.0,0.05393897683301972
n3a_alignrepair_core50_div8,marion,1,-0.2631804731696002,0.0,0.05178262191998814
n3a_alignrepair_core50_erode20_div8,eddie,1,-0.14370156452059746,0.0,0.0595932021163439
n3a_alignrepair_core50_erode20_div8,elon,1,-0.1661015847981921,0.0,0.049478931073341885
n3a_alignrepair_core50_erode20_div8,jennie,1,-0.17329699757587191,0.0,0.05103606891254085
n3a_alignrepair_core50_erode20_div8,jensen,1,-0.1411426932424591,0.0,0.09191686639626352
n3a_alignrepair_core50_erode20_div8,jisoo,1,-0.09645158052444458,0.0,0.0373079974457909
n3a_alignrepair_core50_erode20_div8,keanu,1,-0.10336494445800781,0.0,0.089380968208625
n3a_alignrepair_core50_erode20_div8,lex,1,-0.09121623482935687,0.0,0.049720289706875954
n3a_alignrepair_core50_erode20_div8,marion,1,-0.24578550457954407,0.0,0.04933325319968126
n3a_alignrepair_core50_late8_div8,eddie,1,-0.12772906791207964,0.0,0.055517354615977114
n3a_alignrepair_core50_late8_div8,elon,1,-0.1279016213358415,0.0,0.046021010048813295
n3a_alignrepair_core50_late8_div8,jennie,1,-0.17082641470499615,0.0,0.04367137509543118
n3a_alignrepair_core50_late8_div8,jensen,1,-0.14230287075042725,0.0,0.0678935441248771
n3a_alignrepair_core50_late8_div8,jisoo,1,-0.15436190366744995,0.0,0.03475068098879525
n3a_alignrepair_core50_late8_div8,keanu,1,-0.1263597056970343,0.0,0.09184212229782916
n3a_alignrepair_core50_late8_div8,lex,1,-0.09066742506258746,0.0,0.044499579772042816
n3a_alignrepair_core50_late8_div8,marion,1,-0.26510522647341134,0.0,0.05055634986022047
n3a_core60_plus_cfg_refnoise_pair_div8,eddie,4,-0.003607705637300198,0.5,0.06862195261527673
n3a_core60_plus_cfg_refnoise_pair_div8,elon,4,-0.16155107695502077,0.0,0.07410464573032784
n3a_core60_plus_zero_refpooled_div8,eddie,4,-0.09805257592084128,0.25,0.07299294750807762
n3a_core60_plus_zero_refpooled_div8,elon,4,-0.173657520124823,0.0,0.0759482973073208
n3a_core60_standard_div8,eddie,4,-0.03347774047463393,0.25,0.07130433116607493
n3a_core60_standard_div8,elon,4,-0.19058190378616546,0.0,0.07618871239393646
n3a_core68_erode15_div8,eddie,4,0.01581684422362468,0.5,0.08311558778196022
n3a_core68_erode15_div8,elon,4,-0.1913002008799029,0.0,0.09028794899933709
n3a_core68_erode20_div8,eddie,4,0.007519140727229361,0.5,0.07872208658398874
n3a_core68_erode20_div8,elon,4,-0.16823963534503603,0.0,0.0832229508232843
n3a_core68_late7_div8,eddie,4,0.0317103559479572,0.5,0.07980402058112833
n3a_core68_late7_div8,elon,4,-0.1895292529558708,0.0,0.08575893435410403
n3a_core68_late8_div8,eddie,4,0.02616720221494214,0.5,0.07403961915658303
n3a_core68_late8_div8,elon,4,-0.1708436883575068,0.0,0.08575051375980189
n3a_core68_plus_cfg_refnoise_pair_div8,eddie,4,0.02124116144631879,0.75,0.08033654820043076
n3a_core68_plus_cfg_refnoise_pair_div8,elon,4,-0.15248356635032195,0.0,0.08926548205804616
n3a_core68_plus_pair_and_zero_reftext_div8,eddie,4,0.05117604808433678,0.75,0.08104238012501927
n3a_core68_plus_pair_and_zero_reftext_div8,elon,4,-0.16259746311227447,0.0,0.09335736564272437
n3a_core68_plus_zero_refpooled_and_pair_div8,eddie,4,0.027903280626282854,0.75,0.08091457919039471
n3a_core68_plus_zero_refpooled_and_pair_div8,elon,4,-0.1564648244658008,0.0,0.089058882879431
n3a_core68_plus_zero_refpooled_div8,eddie,4,-0.006979007854828835,0.5,0.08526311416953575
n3a_core68_plus_zero_refpooled_div8,elon,4,-0.16111616707122203,0.0,0.08432824147486201
n3a_core68_plus_zero_refpooled_div8,jennie,2,-0.19382211565971375,0.0,0.08452270935296774
n3a_core68_plus_zero_refpooled_div8,jensen,2,-0.18575392930640894,0.0,0.11624276711504111
n3a_core68_plus_zero_refpooled_div8,jisoo,3,-0.14137279987335205,0.0,0.0725397979816247
n3a_core68_plus_zero_refpooled_div8,keanu,2,-0.14368713608950798,0.0,0.1425399018322569
n3a_core68_plus_zero_refpooled_div8,lex,4,-0.10613629521140058,0.0,0.07708265409462998
n3a_core68_plus_zero_refpooled_div8,marion,3,-0.2352825403213501,0.0,0.07106494561589227
n3a_core68_plus_zero_reftext_div8,eddie,4,-0.00024798937584383923,0.5,0.08361919645644186
n3a_core68_plus_zero_reftext_div8,elon,4,-0.17110683101397656,0.0,0.08862379731139511
n3a_dual35_plus_cfg_refnoise_pair_div8,eddie,4,0.000719255102036423,0.5,0.06317988469991712
n3a_dual35_plus_cfg_refnoise_pair_div8,elon,4,-0.03151482531516703,0.25,0.08130819909336963
n3a_dual35_plus_late7_div8,eddie,4,-0.011491606660133089,0.25,0.06009996358669059
n3a_dual35_plus_late7_div8,elon,4,-0.045954736826106124,0.0,0.0750156117812146
n3a_dual35_plus_zero_refpooled_div8,eddie,4,0.0008457466785458424,0.5,0.06393855386612868
n3a_dual35_plus_zero_refpooled_div8,elon,4,-0.05145730831546308,0.0,0.08094411703758739
n3a_fullgrid_up_confidence25_div8,eddie,4,-0.01363081526394852,0.25,0.02566055590306173
n3a_fullgrid_up_confidence25_div8,elon,4,0.0002044440926206037,0.5,0.02501238566856538
n3a_fullgrid_up_confidence50_div8,eddie,4,-0.00902646460081561,0.25,0.03154865775834472
n3a_fullgrid_up_confidence50_div8,elon,4,0.007044594413923133,0.75,0.03786112246360662
n3a_fullgrid_up_confidence75_div8,eddie,4,-0.01871989347483142,0.25,0.03765781582517548
n3a_fullgrid_up_confidence75_div8,elon,4,-0.017178072429575253,0.0,0.04898177141404152
n3a_fullgrid_up_dual25_div8,eddie,12,0.001594156042830308,0.5833333333333334,0.05528375863866329
n3a_fullgrid_up_dual25_div8,elon,12,-0.010236919265803807,0.3333333333333333,0.06509886276324978
n3a_fullgrid_up_dual25_div8,jennie,12,0.017404645681381226,0.75,0.04912716554093943
n3a_fullgrid_up_dual25_div8,jensen,12,0.004424035549163818,0.6666666666666666,0.06641462524473271
n3a_fullgrid_up_dual25_div8,jisoo,12,0.004365020338821135,0.5833333333333334,0.043809146414470826
n3a_fullgrid_up_dual25_div8,keanu,12,0.002115594575749502,0.5,0.07401256517946601
n3a_fullgrid_up_dual25_div8,lex,12,-0.0002380363027419674,0.5,0.05220718419280828
n3a_fullgrid_up_dual25_div8,marion,12,0.010207906152825963,0.5,0.07146545450564298
n3a_fullgrid_up_dual30_div8,eddie,4,0.009643952767596407,0.5,0.056968168648893994
n3a_fullgrid_up_dual30_div8,elon,4,-0.023208291721838248,0.25,0.07006147113009548
n3a_fullgrid_up_dual35_div8,eddie,12,0.027285543397852552,0.8333333333333334,0.07247850776661866
n3a_fullgrid_up_dual35_div8,elon,12,-0.030875774078117257,0.16666666666666666,0.08704142898941443
n3a_fullgrid_up_dual35_div8,jennie,12,0.016303668047637943,0.6666666666666666,0.07055216506876026
n3a_fullgrid_up_dual35_div8,jensen,12,-0.007952829102803094,0.5,0.08779037270743686
n3a_fullgrid_up_dual35_div8,jisoo,12,-0.03744099963024089,0.3333333333333333,0.05488955118952027
n3a_fullgrid_up_dual35_div8,keanu,12,0.005522400140762329,0.5833333333333334,0.08499250313575114
n3a_fullgrid_up_dual35_div8,lex,12,-0.013517842166233002,0.3333333333333333,0.07939023372935303
n3a_fullgrid_up_dual35_div8,marion,12,-0.013354718685150146,0.4166666666666667,0.0876678453627586
n3a_fullgrid_up_dual40_div8,eddie,4,0.04559525422309415,0.75,0.07313728562335785
n3a_fullgrid_up_dual40_div8,elon,4,-0.049188797496068803,0.0,0.08827203186656571
n3a_fullgrid_up_dual45_div8,eddie,4,0.04228218592260854,0.75,0.08463387862432348
n3a_fullgrid_up_dual45_div8,elon,4,-0.062341504530389114,0.0,0.09715612763040588
n3a_fullgrid_up_dual50_div8,eddie,4,0.023755071310547077,0.75,0.09887810252355067
n3a_fullgrid_up_dual50_div8,elon,4,-0.0759352982559866,0.0,0.10758542454229003
n3a_fullgrid_up_dual50_div8,jennie,2,0.05046182870864868,1.0,0.09828955764846453
n3a_fullgrid_up_dual50_div8,jensen,2,-0.03355318117375983,0.0,0.10963606646438807
n3a_fullgrid_up_dual50_div8,jisoo,3,-0.05366083574087255,0.0,0.08887235368185618
n3a_fullgrid_up_dual50_div8,keanu,2,0.002399712976997037,0.5,0.12870598758403134
n3a_fullgrid_up_dual50_div8,lex,4,-0.07088225380968141,0.25,0.104801573045569
n3a_fullgrid_up_dual50_div8,marion,3,-0.09023401494464012,0.0,0.09900112741196584
nn7v2_lmkidw1_gate10_ba0,eddie,1,-0.006931528449144686,0.0,0.02429383756968897
nn7v2_lmkidw1_gate10_ba0,elon,1,-0.00883046421056044,0.0,0.011909478161195329
nn7v2_lmkidw1_gate10_ba0,jennie,1,0.009784789097333157,1.0,0.011961112325127338
nn7v2_lmkidw1_gate10_ba0,jensen,1,0.011010527610778809,1.0,0.02061285778484513
nn7v2_lmkidw1_gate10_ba0,jisoo,1,0.0034821629524230957,1.0,0.013091950268372872
nn7v2_lmkidw1_gate10_ba0,keanu,1,0.023709509620863267,1.0,0.019693038031594192
nn7v2_lmkidw1_gate10_ba0,lex,1,-0.005215883255004883,0.0,0.01101539940175796
nn7v2_lmkidw1_gate10_ba0,marion,1,-0.01361028007581877,0.0,0.011092717829289122
nn7v2_lmkidw3_gate05_ba0,eddie,1,-0.02153092622756958,0.0,0.022148299955985915
nn7v2_lmkidw3_gate05_ba0,elon,1,0.0016826393225956027,1.0,0.008696811708365455
nn7v2_lmkidw3_gate05_ba0,jennie,1,0.001177370548248291,1.0,0.00810530690632026
nn7v2_lmkidw3_gate05_ba0,jensen,1,0.01553279161453247,1.0,0.013626161648460545
nn7v2_lmkidw3_gate05_ba0,jisoo,1,0.002697386114237421,1.0,0.008157095423886871
nn7v2_lmkidw3_gate05_ba0,keanu,1,0.029197249987783502,1.0,0.014748259335778733
nn7v2_lmkidw3_gate05_ba0,lex,1,0.005491824148867619,1.0,0.00676801144116823
nn7v2_lmkidw3_gate05_ba0,marion,1,-0.005092657128125899,0.0,0.0071804798414002785
nn7v2_lmkidw3_gate05_sigma12_ba0,eddie,1,-0.008177787065505981,0.0,0.023058551913695716
nn7v2_lmkidw3_gate05_sigma12_ba0,elon,1,-0.0035188555794497534,0.0,0.008730643037844401
nn7v2_lmkidw3_gate05_sigma12_ba0,jennie,1,-0.00022169886863743216,0.0,0.008028976532032644
nn7v2_lmkidw3_gate05_sigma12_ba0,jensen,1,0.013101816177368164,1.0,0.014419798724419248
nn7v2_lmkidw3_gate05_sigma12_ba0,jisoo,1,0.008266746997833252,1.0,0.008455607840535173
nn7v2_lmkidw3_gate05_sigma12_ba0,keanu,1,0.013227018933344548,1.0,0.014507092524653927
nn7v2_lmkidw3_gate05_sigma12_ba0,lex,1,-0.0010774425619661798,0.0,0.006646744504320533
nn7v2_lmkidw3_gate05_sigma12_ba0,marion,1,-0.003807521382123702,0.0,0.007934810956866616
nn7v2_lmkidw3_gate05_sigma35_ba0,eddie,1,-0.02153092622756958,0.0,0.022148299955985915
nn7v2_lmkidw3_gate05_sigma35_ba0,elon,1,0.0011878611073329326,1.0,0.008789280167745725
nn7v2_lmkidw3_gate05_sigma35_ba0,jennie,1,0.010972948157105589,1.0,0.007854656458834935
nn7v2_lmkidw3_gate05_sigma35_ba0,jensen,1,0.019744157791137695,1.0,0.014111532175669862
nn7v2_lmkidw3_gate05_sigma35_ba0,jisoo,1,-0.003900885581970215,0.0,0.008502081141265197
nn7v2_lmkidw3_gate05_sigma35_ba0,keanu,1,0.023950491214053793,1.0,0.014286930762409679
nn7v2_lmkidw3_gate05_sigma35_ba0,lex,1,0.000622093677520752,1.0,0.006916641003684372
nn7v2_lmkidw3_gate05_sigma35_ba0,marion,1,-0.007884860508731606,0.0,0.007675992408516638
nn7v2_lmkidw3_gate065_ba0,eddie,1,-0.020119816851003988,0.0,0.02394807627503301
nn7v2_lmkidw3_gate065_ba0,elon,1,-0.0017575382213542712,0.0,0.009696093599425136
nn7v2_lmkidw3_gate065_ba0,jennie,1,0.015794575214385986,1.0,0.009499119813713625
nn7v2_lmkidw3_gate065_ba0,jensen,1,0.015712063244097463,1.0,0.01630838729873402
nn7v2_lmkidw3_gate065_ba0,jisoo,1,0.01566135883331299,1.0,0.009616671014825268
nn7v2_lmkidw3_gate065_ba0,keanu,1,0.025207996368408203,1.0,0.016238527509965062
nn7v2_lmkidw3_gate065_ba0,lex,1,-0.010042250156402588,0.0,0.008049335930473982
nn7v2_lmkidw3_gate065_ba0,marion,1,-0.008482277898924195,0.0,0.008317887284229225
nn7v2_lmkidw3_gate065_late8_ba0,eddie,1,-0.024152637261650123,0.0,0.025652491609815142
nn7v2_lmkidw3_gate065_late8_ba0,elon,1,-0.003050601519809182,0.0,0.0086319358367521
nn7v2_lmkidw3_gate065_late8_ba0,jennie,1,-0.011639059283677256,0.0,0.008208906667398246
nn7v2_lmkidw3_gate065_late8_ba0,jensen,1,-0.008917729637665017,0.0,0.0138120013961867
nn7v2_lmkidw3_gate065_late8_ba0,jisoo,1,-0.012137256523194306,0.0,0.009305568019248945
nn7v2_lmkidw3_gate065_late8_ba0,keanu,1,0.00818267756849722,1.0,0.014857878525405816
nn7v2_lmkidw3_gate065_late8_ba0,lex,1,-0.0016281895744736374,0.0,0.00739241391434109
nn7v2_lmkidw3_gate065_late8_ba0,marion,1,-0.010015606880187988,0.0,0.008096447444480006
nn7v2_lmkidw3_gate065_semantic18_ba0,eddie,1,-0.010307982563972473,0.0,0.022524530115261884
nn7v2_lmkidw3_gate065_semantic18_ba0,elon,1,-0.006390274332794377,0.0,0.008107686272169536
nn7v2_lmkidw3_gate065_semantic18_ba0,jennie,1,0.0024486780166625977,1.0,0.007768397597270994
nn7v2_lmkidw3_gate065_semantic18_ba0,jensen,1,0.015757083892822266,1.0,0.014047059365781711
nn7v2_lmkidw3_gate065_semantic18_ba0,jisoo,1,-0.005800843238830566,0.0,0.00846266042786429
nn7v2_lmkidw3_gate065_semantic18_ba0,keanu,1,0.022012293338775635,1.0,0.015089463898107815
nn7v2_lmkidw3_gate065_semantic18_ba0,lex,1,-0.01003330945968628,0.0,0.007283030969535761
nn7v2_lmkidw3_gate065_semantic18_ba0,marion,1,-0.0015314222294939839,0.0,0.006908182442492598
nn7v2_lmkidw3_gate065_semantic25_ba0,eddie,1,-8.308887481689453e-05,0.0,0.022709562632959212
nn7v2_lmkidw3_gate065_semantic25_ba0,elon,1,0.0008225085861760517,1.0,0.009787862321022824
nn7v2_lmkidw3_gate065_semantic25_ba0,jennie,1,0.003401488889283044,1.0,0.008546586997474242
nn7v2_lmkidw3_gate065_semantic25_ba0,jensen,1,0.028504252433776855,1.0,0.014580254568814528
nn7v2_lmkidw3_gate065_semantic25_ba0,jisoo,1,-0.0007361992573513554,0.0,0.00868387813636209
nn7v2_lmkidw3_gate065_semantic25_ba0,keanu,1,0.012578606605529785,1.0,0.0156718230210411
nn7v2_lmkidw3_gate065_semantic25_ba0,lex,1,-0.010766088962554932,0.0,0.008007540692175942
nn7v2_lmkidw3_gate065_semantic25_ba0,marion,1,-0.008538044014722579,0.0,0.0077998048571496685
nn7v2_lmkidw3_gate075_ba0,eddie,1,-0.014532193541526794,0.0,0.024210803967686326
nn7v2_lmkidw3_gate075_ba0,elon,1,-0.003857409981953386,0.0,0.010141537837066443
nn7v2_lmkidw3_gate075_ba0,jennie,1,0.007143945548508168,1.0,0.010138851521484511
nn7v2_lmkidw3_gate075_ba0,jensen,1,0.023893237113952637,1.0,0.01684857303765671
nn7v2_lmkidw3_gate075_ba0,jisoo,1,0.006087958812713623,1.0,0.010649392947033192
nn7v2_lmkidw3_gate075_ba0,keanu,1,0.025267634732808242,1.0,0.016922100434080045
nn7v2_lmkidw3_gate075_ba0,lex,1,-0.006737470626831055,0.0,0.008905479344875317
nn7v2_lmkidw3_gate075_ba0,marion,1,-0.013703870686875841,0.0,0.009164159760892512
nn7v2_lmkidw3_gate075_erode22_ba0,eddie,1,-0.012240111827850342,0.0,0.025457242150821596
nn7v2_lmkidw3_gate075_erode22_ba0,elon,1,0.006956363768407137,1.0,0.009260464256518273
nn7v2_lmkidw3_gate075_erode22_ba0,jennie,1,0.0020431877400390874,1.0,0.009166098148300057
nn7v2_lmkidw3_gate075_erode22_ba0,jensen,1,0.02335911989212036,1.0,0.016828062344441373
nn7v2_lmkidw3_gate075_erode22_ba0,jisoo,1,0.0014842370304051222,1.0,0.010043387615759016
nn7v2_lmkidw3_gate075_erode22_ba0,keanu,1,0.01226127818081657,1.0,0.015398000915946924
nn7v2_lmkidw3_gate075_erode22_ba0,lex,1,-0.004410803580928047,0.0,0.008261811619549827
nn7v2_lmkidw3_gate075_erode22_ba0,marion,1,-0.012469589710235596,0.0,0.008949888541643063
nn7v2_lmkidw3_gate085_ba0,eddie,1,-0.015191026031970978,0.0,0.024294212950227406
nn7v2_lmkidw3_gate085_ba0,elon,1,-0.0006395934373123469,0.0,0.011438816475012522
nn7v2_lmkidw3_gate085_ba0,jennie,1,-0.005912929504949815,0.0,0.010511646554137548
nn7v2_lmkidw3_gate085_ba0,jensen,1,0.01164090633392334,1.0,0.018435803978844027
nn7v2_lmkidw3_gate085_ba0,jisoo,1,0.003599226474761963,1.0,0.012282135710312996
nn7v2_lmkidw3_gate085_ba0,keanu,1,0.023750126361846924,1.0,0.017723596869472565
nn7v2_lmkidw3_gate085_ba0,lex,1,0.0009946227073669434,1.0,0.009766754342367567
nn7v2_lmkidw3_gate085_ba0,marion,1,-0.016043222466260665,0.0,0.00999603598797594
nn7v2_lmkidw3_gate10_ba0,eddie,1,-0.012729145586490631,0.0,0.024567891152252053
nn7v2_lmkidw3_gate10_ba0,elon,1,-0.003640056090361554,0.0,0.012474249137441622
nn7v2_lmkidw3_gate10_ba0,jennie,1,0.006285877031176779,1.0,0.01196147449280228
nn7v2_lmkidw3_gate10_ba0,jensen,1,0.004959623104300648,1.0,0.02059897753810226
nn7v2_lmkidw3_gate10_ba0,jisoo,1,0.005937099456787109,1.0,0.013149705138995793
nn7v2_lmkidw3_gate10_ba0,keanu,1,0.014048669010547465,1.0,0.01934764991648085
nn7v2_lmkidw3_gate10_ba0,lex,1,-0.006437628981464272,0.0,0.010901496835553411
nn7v2_lmkidw3_gate10_ba0,marion,1,-0.018749809780866378,0.0,0.01094604001678676
nn7v2_lmkidw3_gate20_ba0,eddie,1,-0.01027018596768993,0.0,0.03032054345932365
nn7v2_lmkidw3_gate20_ba0,elon,1,-0.00792189998360393,0.0,0.02015254288781857
nn7v2_lmkidw3_gate20_ba0,jennie,1,-0.018233418464660645,0.0,0.020541586050405774
nn7v2_lmkidw3_gate20_ba0,jensen,1,0.007050852190892187,1.0,0.031849186389964354
nn7v2_lmkidw3_gate20_ba0,jisoo,1,-0.01916670799255371,0.0,0.024520879778794198
nn7v2_lmkidw3_gate20_ba0,keanu,1,0.017207562923431396,1.0,0.02829278251758587
nn7v2_lmkidw3_gate20_ba0,lex,1,-0.026389271020889282,0.0,0.01866293547261539
nn7v2_lmkidw3_gate20_ba0,marion,1,-0.039902008095533126,0.0,0.020013398045683025
nn7v2_lmkidw3_staged_up002_up1065_ba0,eddie,1,-0.006578781246541904,0.0,0.023924056218823358
nn7v2_lmkidw3_staged_up002_up1065_ba0,elon,1,-0.00469493893950812,0.0,0.010563345278119763
nn7v2_lmkidw3_staged_up002_up1065_ba0,jennie,1,-0.017073601841735453,0.0,0.00977040391564825
nn7v2_lmkidw3_staged_up002_up1065_ba0,jensen,1,-0.006061434745788574,0.0,0.015524937152393682
nn7v2_lmkidw3_staged_up002_up1065_ba0,jisoo,1,0.0006467103958129883,1.0,0.010562982289254449
nn7v2_lmkidw3_staged_up002_up1065_ba0,keanu,1,0.005395386139655622,1.0,0.01639140328782412
nn7v2_lmkidw3_staged_up002_up1065_ba0,lex,1,-0.002363712099652915,0.0,0.00967513010924846
nn7v2_lmkidw3_staged_up002_up1065_ba0,marion,1,-0.012789428234100342,0.0,0.008627974607781768
nn7v2_lmkidw3_staged_up003_up1075_ba0,eddie,4,-0.0038747776398779174,0.5,0.017864754883570776
nn7v2_lmkidw3_staged_up003_up1075_ba0,elon,4,0.0009068651866535604,0.5,0.013957682145044371
nn7v2_lmkidw5_gate10_ba0,eddie,1,-0.004870086908340454,0.0,0.024091140675432804
nn7v2_lmkidw5_gate10_ba0,elon,1,-0.005754685542885274,0.0,0.01237648430964846
nn7v2_lmkidw5_gate10_ba0,jennie,1,0.0033738017082214355,1.0,0.011789930095300803
nn7v2_lmkidw5_gate10_ba0,jensen,1,0.006888091564178467,1.0,0.02074654458195059
nn7v2_lmkidw5_gate10_ba0,jisoo,1,0.0008506552950877655,1.0,0.013159715711976877
nn7v2_lmkidw5_gate10_ba0,keanu,1,0.02247762680053711,1.0,0.019404526020987786
nn7v2_lmkidw5_gate10_ba0,lex,1,-0.00471651554107666,0.0,0.01024353836912207
nn7v2_lmkidw5_gate10_ba0,marion,1,-0.010261154690534346,0.0,0.011211668985113787
nn7v2_local3_gate05_ba0,eddie,1,-0.01190824806690216,0.0,0.022043174779471097
nn7v2_local3_gate05_ba0,elon,1,-0.0019394516080516455,0.0,0.00888763717984711
nn7v2_local3_gate05_ba0,jennie,1,0.00012564659118652344,1.0,0.00820245343361213
nn7v2_local3_gate05_ba0,jensen,1,0.030260145664215088,1.0,0.0149694224069721
nn7v2_local3_gate05_ba0,jisoo,1,-0.0023185834611658684,0.0,0.008191115738867617
nn7v2_local3_gate05_ba0,keanu,1,0.026557564735412598,1.0,0.014536152290827751
nn7v2_local3_gate05_ba0,lex,1,-0.003473043441772461,0.0,0.007115064656122883
nn7v2_local3_gate05_ba0,marion,1,-0.0025887256057565144,0.0,0.0075511740479909705
nn7v2_local5_gate10_ba0,eddie,1,-0.014290303430570389,0.0,0.023458713298672242
nn7v2_local5_gate10_ba0,elon,1,-0.004924810024213078,0.0,0.012223865929534077
nn7v2_local5_gate10_ba0,jennie,1,0.004271209239959717,1.0,0.011835493901186897
nn7v2_local5_gate10_ba0,jensen,1,0.00424569845199585,1.0,0.020662480507159537
nn7v2_local5_gate10_ba0,jisoo,1,0.0008130073547363281,1.0,0.012823985143551596
nn7v2_local5_gate10_ba0,keanu,1,0.0233309268951416,1.0,0.019855029728093325
nn7v2_local5_gate10_ba0,lex,1,-0.0006300210952758789,0.0,0.010641302209081046
nn7v2_local5_gate10_ba0,marion,1,-0.022348320999891036,0.0,0.011116179272020585
