run,step,slice_type,slice,count,mean_id_sim
PM0,0,identity,eddie,12,0.49343308309714
PM0,0,identity,elon,12,0.5877155388394991
PM0,0,identity,jennie,12,0.6407908300558726
PM0,0,identity,jensen,12,0.5911285653710365
PM0,0,identity,jisoo,12,0.6286081224679947
PM0,0,identity,keanu,12,0.5336135029792786
PM0,0,identity,lex,12,0.474441056450208
PM0,0,identity,marion,12,0.5029115105668703
PM0,0,prompt,Angry,8,0.621042013168335
PM0,0,prompt,Chef,8,0.5654189139604568
PM0,0,prompt,Crying,8,0.5999820381402969
PM0,0,prompt,Dancing,8,0.4486715793609619
PM0,0,prompt,Drumming,8,0.6018352918326855
PM0,0,prompt,Jumping,8,0.41731708124279976
PM0,0,prompt,Kickboxing,8,0.5930435657501221
PM0,0,prompt,Laughing,8,0.5492771305143833
PM0,0,prompt,Night-ride,8,0.5851068943738937
PM0,0,prompt,Reading,8,0.6098778620362282
PM0,0,prompt,Rushing,8,0.6233863085508347
PM0,0,prompt,Skiing,8,0.46400463581085205
CL27,16000,identity,eddie,12,0.5570181633035342
CL27,16000,identity,elon,12,0.5771885265906652
CL27,16000,identity,jennie,12,0.5912897835175196
CL27,16000,identity,jensen,12,0.5876147449016571
CL27,16000,identity,jisoo,12,0.5625419542193413
CL27,16000,identity,keanu,12,0.5294127042094866
CL27,16000,identity,lex,12,0.4795335630575816
CL27,16000,identity,marion,12,0.4934823587536812
CL27,16000,prompt,Angry,8,0.604172021150589
CL27,16000,prompt,Chef,8,0.562720388174057
CL27,16000,prompt,Crying,8,0.5855294652283192
CL27,16000,prompt,Dancing,8,0.44222744554281235
CL27,16000,prompt,Drumming,8,0.5719108767807484
CL27,16000,prompt,Jumping,8,0.3945547975599766
CL27,16000,prompt,Kickboxing,8,0.5919738784432411
CL27,16000,prompt,Laughing,8,0.5365402698516846
CL27,16000,prompt,Night-ride,8,0.6006147712469101
CL27,16000,prompt,Reading,8,0.6083580106496811
CL27,16000,prompt,Rushing,8,0.6348409950733185
CL27,16000,prompt,Skiing,8,0.4336797781288624
CL30,16000,identity,eddie,12,0.5129713987310728
CL30,16000,identity,elon,12,0.5800700187683105
CL30,16000,identity,jennie,12,0.5787003139654795
CL30,16000,identity,jensen,12,0.5617691874504089
CL30,16000,identity,jisoo,12,0.5881705234448115
CL30,16000,identity,keanu,12,0.5321403791507086
CL30,16000,identity,lex,12,0.4772025893131892
CL30,16000,identity,marion,12,0.47158078600962955
CL30,16000,prompt,Angry,8,0.6073706746101379
CL30,16000,prompt,Chef,8,0.5539581142365932
CL30,16000,prompt,Crying,8,0.5561488084495068
CL30,16000,prompt,Dancing,8,0.43240634724497795
CL30,16000,prompt,Drumming,8,0.5631177648901939
CL30,16000,prompt,Jumping,8,0.3871081471443176
CL30,16000,prompt,Kickboxing,8,0.5898649357259274
CL30,16000,prompt,Laughing,8,0.5432562455534935
CL30,16000,prompt,Night-ride,8,0.5755243599414825
CL30,16000,prompt,Reading,8,0.6034609973430634
CL30,16000,prompt,Rushing,8,0.6271501705050468
CL30,16000,prompt,Skiing,8,0.41454122960567474
CL31,24000,identity,eddie,12,0.5164941524465879
CL31,24000,identity,elon,12,0.5769114096959432
CL31,24000,identity,jennie,12,0.5906399761637052
CL31,24000,identity,jensen,12,0.5637976204355558
CL31,24000,identity,jisoo,12,0.5729842210809389
CL31,24000,identity,keanu,12,0.5142100751399994
CL31,24000,identity,lex,12,0.4731045588850975
CL31,24000,identity,marion,12,0.48849378774563473
CL31,24000,prompt,Angry,8,0.6035917103290558
CL31,24000,prompt,Chef,8,0.5624241530895233
CL31,24000,prompt,Crying,8,0.5695122927427292
CL31,24000,prompt,Dancing,8,0.4189453423023224
CL31,24000,prompt,Drumming,8,0.5593779347836971
CL31,24000,prompt,Jumping,8,0.4099203273653984
CL31,24000,prompt,Kickboxing,8,0.5921722277998924
CL31,24000,prompt,Laughing,8,0.5178420878946781
CL31,24000,prompt,Night-ride,8,0.5776226781308651
CL31,24000,prompt,Reading,8,0.5979618430137634
CL31,24000,prompt,Rushing,8,0.6198034957051277
CL31,24000,prompt,Skiing,8,0.41577960923314095
CL32,18000,identity,eddie,12,0.5412437145908674
CL32,18000,identity,elon,12,0.5853905156254768
CL32,18000,identity,jennie,12,0.5821597253282865
CL32,18000,identity,jensen,12,0.5780491133530935
CL32,18000,identity,jisoo,12,0.5587656274437904
CL32,18000,identity,keanu,12,0.5342234869798025
CL32,18000,identity,lex,12,0.48261047899723053
CL32,18000,identity,marion,12,0.47466500227650005
CL32,18000,prompt,Angry,8,0.6005233600735664
CL32,18000,prompt,Chef,8,0.5637866370379925
CL32,18000,prompt,Crying,8,0.5679639354348183
CL32,18000,prompt,Dancing,8,0.43209220468997955
CL32,18000,prompt,Drumming,8,0.5786495953798294
CL32,18000,prompt,Jumping,8,0.41051843762397766
CL32,18000,prompt,Kickboxing,8,0.5769769325852394
CL32,18000,prompt,Laughing,8,0.5481054000556469
CL32,18000,prompt,Night-ride,8,0.5860603749752045
CL32,18000,prompt,Reading,8,0.6000515148043633
CL32,18000,prompt,Rushing,8,0.6334014758467674
CL32,18000,prompt,Skiing,8,0.4075316283851862
CL33,16000,identity,eddie,12,0.5401679053902626
CL33,16000,identity,elon,12,0.6025398323933283
CL33,16000,identity,jennie,12,0.6016997446616491
CL33,16000,identity,jensen,12,0.5892866055170695
CL33,16000,identity,jisoo,12,0.563078207274278
CL33,16000,identity,keanu,12,0.5346007322271665
CL33,16000,identity,lex,12,0.4571940526366234
CL33,16000,identity,marion,12,0.48192430039246875
CL33,16000,prompt,Angry,8,0.6019795536994934
CL33,16000,prompt,Chef,8,0.5512973479926586
CL33,16000,prompt,Crying,8,0.57099399715662
CL33,16000,prompt,Dancing,8,0.4496423825621605
CL33,16000,prompt,Drumming,8,0.5687140598893166
CL33,16000,prompt,Jumping,8,0.4045715034008026
CL33,16000,prompt,Kickboxing,8,0.5812200456857681
CL33,16000,prompt,Laughing,8,0.5395593121647835
CL33,16000,prompt,Night-ride,8,0.590911976993084
CL33,16000,prompt,Reading,8,0.6027708873152733
CL33,16000,prompt,Rushing,8,0.6320933848619461
CL33,16000,prompt,Skiing,8,0.4619826190173626
CL34,18000,identity,eddie,12,0.528845784564813
CL34,18000,identity,elon,12,0.5837718869249026
CL34,18000,identity,jennie,12,0.5792581290006638
CL34,18000,identity,jensen,12,0.5901996865868568
CL34,18000,identity,jisoo,12,0.5588576917846998
CL34,18000,identity,keanu,12,0.5142473230759302
CL34,18000,identity,lex,12,0.4818312426408132
CL34,18000,identity,marion,12,0.47369804854194325
CL34,18000,prompt,Angry,8,0.5974643528461456
CL34,18000,prompt,Chef,8,0.558106292039156
CL34,18000,prompt,Crying,8,0.5611093379557133
CL34,18000,prompt,Dancing,8,0.42273111641407013
CL34,18000,prompt,Drumming,8,0.5692644864320755
CL34,18000,prompt,Jumping,8,0.39780839905142784
CL34,18000,prompt,Kickboxing,8,0.5884633883833885
CL34,18000,prompt,Laughing,8,0.5394626446068287
CL34,18000,prompt,Night-ride,8,0.5747456513345242
CL34,18000,prompt,Reading,8,0.6039204224944115
CL34,18000,prompt,Rushing,8,0.6374160200357437
CL34,18000,prompt,Skiing,8,0.4155725780874491
CL35,24000,identity,eddie,12,0.5346703752875328
CL35,24000,identity,elon,12,0.5961400792002678
CL35,24000,identity,jennie,12,0.5780870939294497
CL35,24000,identity,jensen,12,0.5642992109060287
CL35,24000,identity,jisoo,12,0.5968512992064158
CL35,24000,identity,keanu,12,0.525137409567833
CL35,24000,identity,lex,12,0.4485102916757266
CL35,24000,identity,marion,12,0.45990988115469617
CL35,24000,prompt,Angry,8,0.5852302126586437
CL35,24000,prompt,Chef,8,0.5561174750328064
CL35,24000,prompt,Crying,8,0.5740269720554352
CL35,24000,prompt,Dancing,8,0.4619237780570984
CL35,24000,prompt,Drumming,8,0.5637550428509712
CL35,24000,prompt,Jumping,8,0.3933144137263298
CL35,24000,prompt,Kickboxing,8,0.5767194703221321
CL35,24000,prompt,Laughing,8,0.5374896340072155
CL35,24000,prompt,Night-ride,8,0.5707945264875889
CL35,24000,prompt,Reading,8,0.5986458770930767
CL35,24000,prompt,Rushing,8,0.6198706105351448
CL35,24000,prompt,Skiing,8,0.4175204485654831
CL36,4000,identity,eddie,12,0.5127680748701096
CL36,4000,identity,elon,12,0.574667751789093
CL36,4000,identity,jennie,12,0.5509866774082184
CL36,4000,identity,jensen,12,0.5686260138948759
CL36,4000,identity,jisoo,12,0.5694173872470856
CL36,4000,identity,keanu,12,0.5246244072914124
CL36,4000,identity,lex,12,0.47129307438929874
CL36,4000,identity,marion,12,0.4592843142648538
CL36,4000,prompt,Angry,8,0.587134126573801
CL36,4000,prompt,Chef,8,0.5470583625137806
CL36,4000,prompt,Crying,8,0.5657670609652996
CL36,4000,prompt,Dancing,8,0.43421344459056854
CL36,4000,prompt,Drumming,8,0.5694004632532597
CL36,4000,prompt,Jumping,8,0.37843892350792885
CL36,4000,prompt,Kickboxing,8,0.5716076716780663
CL36,4000,prompt,Laughing,8,0.5145545713603497
CL36,4000,prompt,Night-ride,8,0.5782351233065128
CL36,4000,prompt,Reading,8,0.5915991626679897
CL36,4000,prompt,Rushing,8,0.6167182102799416
CL36,4000,prompt,Skiing,8,0.3927744310349226
CL37,18000,identity,eddie,12,0.5319451863567034
CL37,18000,identity,elon,12,0.5714487085739771
CL37,18000,identity,jennie,12,0.5925468951463699
CL37,18000,identity,jensen,12,0.5706398362914721
CL37,18000,identity,jisoo,12,0.5647249395648638
CL37,18000,identity,keanu,12,0.5216874306400617
CL37,18000,identity,lex,12,0.46685165042678517
CL37,18000,identity,marion,12,0.47889649868011475
CL37,18000,prompt,Angry,8,0.5880288071930408
CL37,18000,prompt,Chef,8,0.556722853332758
CL37,18000,prompt,Crying,8,0.5689055994153023
CL37,18000,prompt,Dancing,8,0.4219444487243891
CL37,18000,prompt,Drumming,8,0.5727865360677242
CL37,18000,prompt,Jumping,8,0.3930319771170616
CL37,18000,prompt,Kickboxing,8,0.5894608944654465
CL37,18000,prompt,Laughing,8,0.5467178821563721
CL37,18000,prompt,Night-ride,8,0.5864714160561562
CL37,18000,prompt,Reading,8,0.594749815762043
CL37,18000,prompt,Rushing,8,0.617486335337162
CL37,18000,prompt,Skiing,8,0.4118051528930664
